-- Unidades
INSERT INTO SGC.UNIDADE (ID, NOME, SIGLA, TIPO, EMAIL, UNIDADE_SUPERIOR_ID) VALUES
(1, 'SECRETARIA DE GESTAO DE PESSOAS', 'SGP', 'SUBUNIDADE', 'sgp@trf3.jus.br', NULL),
(2, 'DIVISAO DE PLANEJAMENTO DE PESSOAL', 'DIPP', 'SUBUNIDADE', 'dipp@trf3.jus.br', 1),
(3, 'SECAO DE ACOMPANHAMENTO E DESENVOLVIMENTO DE PESSOAL', 'SADP', 'SUBUNIDADE', 'sadp@trf3.jus.br', 2),
(4, 'SECAO DE REMOCAO E REDISTRIBUICAO', 'SERE', 'SUBUNIDADE', 'sere@trf3.jus.br', 2),
(5, 'SECAO DE CONTROLE DE CARGOS E FUNCOES', 'SECF', 'SUBUNIDADE', 'secf@trf3.jus.br', 2),
(6, 'DIVISAO DE LEGISLACAO DE PESSOAL', 'DILE', 'SUBUNIDADE', 'dile@trf3.jus.br', 1),
(7, 'SECAO DE ATOS DE PESSOAL', 'SEAP', 'SUBUNIDADE', 'seap@trf3.jus.br', 6),
(8, 'SECAO DE REQUISITOS LEGAIS', 'SERL', 'SUBUNIDADE', 'serl@trf3.jus.br', 6),
(9, 'DIVISAO DE BENEFICIOS AOS SERVIDORES', 'DIBS', 'SUBUNIDADE', 'dibs@trf3.jus.br', 1),
(10, 'SECAO DE ASSISTENCIA MEDICA E ODONTOLOGICA', 'SEMO', 'SUBUNIDADE', 'semo@trf3.jus.br', 9),
(11, 'SECAO DE REGISTRO DE BENEFICIOS', 'SERB', 'SUBUNIDADE', 'serb@trf3.jus.br', 9),
(12, 'DIVISAO DE CADASTRO DE PESSOAL', 'DICA', 'SUBUNIDADE', 'dica@trf3.jus.br', 1),
(13, 'SECAO DE CADASTRO DE SERVIDORES', 'SECS', 'SUBUNIDADE', 'secs@trf3.jus.br', 12),
(14, 'SECAO DE CADASTRO DE AUTORIDADES E EXONERADOS', 'SEAE', 'SUBUNIDADE', 'seae@trf3.jus.br', 12),
(15, 'DIVISAO DE PAGAMENTO DE PESSOAL', 'DIPPAG', 'SUBUNIDADE', 'dippag@trf3.jus.br', 1),
(16, 'SECAO DE PAGAMENTO', 'SPAG', 'SUBUNIDADE', 'spag@trf3.jus.br', 15),
(17, 'SECAO DE CONTROLE DE FREQUENCIA', 'SECOF', 'SUBUNIDADE', 'secof@trf3.jus.br', 15);

-- Usuários
INSERT INTO SGC.USUARIO (TITULO_ELEITORAL, NOME, EMAIL, RAMAL, UNIDADE_ID) VALUES
(123456789012, 'Fulano de Tal', 'fulano.tal@trf3.jus.br', '1234', 1),
(234567890123, 'Ciclano da Silva', 'ciclano.silva@trf3.jus.br', '2345', 2),
(345678901234, 'Beltrano de Souza', 'beltrano.souza@trf3.jus.br', '3456', 3),
(456789012345, 'Admin', 'admin@trf3.jus.br', '4567', 1),
(567890123456, 'Chefe', 'chefe@trf3.jus.br', '5678', 2),
(678901234567, 'Gestor', 'gestor@trf3.jus.br', '6789', 3),
(789012345678, 'Servidor', 'servidor@trf3.jus.br', '7890', 3);

-- Perfis
INSERT INTO SGC.USUARIO_PERFIS (USUARIO_TITULO_ELEITORAL, PERFIS) VALUES
(123456789012, 'SERVIDOR'),
(234567890123, 'CHEFE'),
(345678901234, 'GESTOR'),
(456789012345, 'ADMIN'),
(567890123456, 'CHEFE'),
(678901234567, 'GESTOR'),
(789012345678, 'SERVIDOR');