-- Arquivo gerado a partir de mapa-sesel.md para teste H2 da SESEL.
-- O arquivo assume que data.sql já foi carregado pelo ambiente de testes.

-- -------------------------------------------------------------------------------------------------
-- Limpeza dos dados do exemplo SESEL
-- -------------------------------------------------------------------------------------------------
DELETE FROM SGC.ALERTA_USUARIO WHERE ALERTA_CODIGO BETWEEN 950000 AND 959999;
DELETE FROM SGC.ALERTA WHERE CODIGO BETWEEN 950000 AND 959999;
DELETE FROM SGC.NOTIFICACAO_EMAIL WHERE CODIGO BETWEEN 960000 AND 969999;
DELETE FROM SGC.MOVIMENTACAO WHERE CODIGO BETWEEN 940000 AND 949999;
DELETE FROM SGC.MOVIMENTACAO WHERE CODIGO = 86003;
DELETE FROM SGC.COMPETENCIA_ATIVIDADE WHERE ATIVIDADE_CODIGO BETWEEN 920000 AND 929999;
DELETE FROM SGC.CONHECIMENTO WHERE ATIVIDADE_CODIGO BETWEEN 920000 AND 929999;
DELETE FROM SGC.ATIVIDADE WHERE CODIGO BETWEEN 920000 AND 929999;
DELETE FROM SGC.COMPETENCIA WHERE CODIGO BETWEEN 910000 AND 919999;
DELETE FROM SGC.COMPETENCIA_ATIVIDADE WHERE COMPETENCIA_CODIGO IN (10005, 10006);
DELETE FROM SGC.COMPETENCIA WHERE CODIGO IN (10005, 10006);

-- -------------------------------------------------------------------------------------------------
-- Atualização do mapa SESEL base (codigo 1003 / subprocesso 60003)
-- -------------------------------------------------------------------------------------------------
UPDATE SGC.MAPA SET data_hora_disponibilizado = CURRENT_TIMESTAMP - INTERVAL '2' DAY, data_hora_homologado = CURRENT_TIMESTAMP - INTERVAL '1' DAY, observacoes_disponibilizacao = 'Mapa SESEL disponibilizado para validação', sugestoes = NULL WHERE CODIGO = 1003;

INSERT INTO SGC.COMPETENCIA (CODIGO, MAPA_CODIGO, DESCRICAO) VALUES (910001, 1003, 'Prestar suporte técnico às etapas do processo eleitoral');
INSERT INTO SGC.ATIVIDADE (CODIGO, MAPA_CODIGO, DESCRICAO) VALUES (920001, 1003, 'Realizar a preparação, carga e lacração das urnas eletrônicas para os pleitos.');
INSERT INTO SGC.CONHECIMENTO (CODIGO, ATIVIDADE_CODIGO, DESCRICAO) VALUES (930001, 920001, 'Funcionamento da Urna Eletrônica');
INSERT INTO SGC.CONHECIMENTO (CODIGO, ATIVIDADE_CODIGO, DESCRICAO) VALUES (930002, 920001, 'Arquitetura da Urna Eletrônica');
INSERT INTO SGC.CONHECIMENTO (CODIGO, ATIVIDADE_CODIGO, DESCRICAO) VALUES (930003, 920001, 'Sistema de Gerenciamento de Dados Aplicativos e Interface com a Urna Eletrônica');
INSERT INTO SGC.COMPETENCIA_ATIVIDADE (ATIVIDADE_CODIGO, COMPETENCIA_CODIGO) VALUES (920001, 910001);
INSERT INTO SGC.ATIVIDADE (CODIGO, MAPA_CODIGO, DESCRICAO) VALUES (920002, 1003, 'Coordenar o suporte técnico às Juntas Eleitorais e locais de votação no dia da eleição.');
INSERT INTO SGC.CONHECIMENTO (CODIGO, ATIVIDADE_CODIGO, DESCRICAO) VALUES (930004, 920002, 'Legislação sobre suporte técnico em eleições');
INSERT INTO SGC.CONHECIMENTO (CODIGO, ATIVIDADE_CODIGO, DESCRICAO) VALUES (930005, 920002, 'Normas de suporte técnico em eleições');
INSERT INTO SGC.CONHECIMENTO (CODIGO, ATIVIDADE_CODIGO, DESCRICAO) VALUES (930006, 920002, 'Fluxos de comunicação técnica');
INSERT INTO SGC.CONHECIMENTO (CODIGO, ATIVIDADE_CODIGO, DESCRICAO) VALUES (930007, 920002, 'Protocolos de escalonamento de chamados');
INSERT INTO SGC.COMPETENCIA_ATIVIDADE (ATIVIDADE_CODIGO, COMPETENCIA_CODIGO) VALUES (920002, 910001);
INSERT INTO SGC.ATIVIDADE (CODIGO, MAPA_CODIGO, DESCRICAO) VALUES (920003, 1003, 'Executar procedimentos de contingência.');
INSERT INTO SGC.CONHECIMENTO (CODIGO, ATIVIDADE_CODIGO, DESCRICAO) VALUES (930008, 920003, 'Protocolos de contingência de hardware da Urna Eletrônica');
INSERT INTO SGC.CONHECIMENTO (CODIGO, ATIVIDADE_CODIGO, DESCRICAO) VALUES (930009, 920003, 'Protocolos de contingência de software da Urna Eletrônica');
INSERT INTO SGC.CONHECIMENTO (CODIGO, ATIVIDADE_CODIGO, DESCRICAO) VALUES (930010, 920003, 'Normas para votação manual');
INSERT INTO SGC.CONHECIMENTO (CODIGO, ATIVIDADE_CODIGO, DESCRICAO) VALUES (930011, 920003, 'Procedimentos de recuperação de dados de votação');
INSERT INTO SGC.COMPETENCIA_ATIVIDADE (ATIVIDADE_CODIGO, COMPETENCIA_CODIGO) VALUES (920003, 910001);

INSERT INTO SGC.COMPETENCIA (CODIGO, MAPA_CODIGO, DESCRICAO) VALUES (910002, 1003, 'Gerenciar sistemas eleitorais informatizados');
INSERT INTO SGC.ATIVIDADE (CODIGO, MAPA_CODIGO, DESCRICAO) VALUES (920004, 1003, 'Monitorar o desempenho e a disponibilidade dos sistemas de votação e totalização.');
INSERT INTO SGC.CONHECIMENTO (CODIGO, ATIVIDADE_CODIGO, DESCRICAO) VALUES (930012, 920004, 'Arquitetura de sistemas eleitorais distribuídos');
INSERT INTO SGC.CONHECIMENTO (CODIGO, ATIVIDADE_CODIGO, DESCRICAO) VALUES (930013, 920004, 'Ferramentas de monitoramento de infraestrutura de TI');
INSERT INTO SGC.COMPETENCIA_ATIVIDADE (ATIVIDADE_CODIGO, COMPETENCIA_CODIGO) VALUES (920004, 910002);
INSERT INTO SGC.ATIVIDADE (CODIGO, MAPA_CODIGO, DESCRICAO) VALUES (920005, 1003, 'Configurar parâmetros de segurança e acesso aos sistemas eleitorais.');
INSERT INTO SGC.CONHECIMENTO (CODIGO, ATIVIDADE_CODIGO, DESCRICAO) VALUES (930014, 920005, 'Gerenciamento de chaves digitais');
INSERT INTO SGC.CONHECIMENTO (CODIGO, ATIVIDADE_CODIGO, DESCRICAO) VALUES (930015, 920005, 'Gerenciamento de certificados digitais');
INSERT INTO SGC.CONHECIMENTO (CODIGO, ATIVIDADE_CODIGO, DESCRICAO) VALUES (930016, 920005, 'Políticas de controle de acesso do Tribunal Superior Eleitoral');
INSERT INTO SGC.CONHECIMENTO (CODIGO, ATIVIDADE_CODIGO, DESCRICAO) VALUES (930017, 920005, 'Normas de auditoria do Tribunal Superior Eleitoral');
INSERT INTO SGC.COMPETENCIA_ATIVIDADE (ATIVIDADE_CODIGO, COMPETENCIA_CODIGO) VALUES (920005, 910002);
INSERT INTO SGC.ATIVIDADE (CODIGO, MAPA_CODIGO, DESCRICAO) VALUES (920006, 1003, 'Realizar a transmissão e o processamento de arquivos de resultado.');
INSERT INTO SGC.CONHECIMENTO (CODIGO, ATIVIDADE_CODIGO, DESCRICAO) VALUES (930018, 920006, 'Protocolos de transmissão de dados via rede segura JE-Connect');
INSERT INTO SGC.CONHECIMENTO (CODIGO, ATIVIDADE_CODIGO, DESCRICAO) VALUES (930019, 920006, 'Estrutura de arquivos do Boletim de Urna');
INSERT INTO SGC.CONHECIMENTO (CODIGO, ATIVIDADE_CODIGO, DESCRICAO) VALUES (930020, 920006, 'Estrutura de arquivos do Registro Digital de Voto');
INSERT INTO SGC.COMPETENCIA_ATIVIDADE (ATIVIDADE_CODIGO, COMPETENCIA_CODIGO) VALUES (920006, 910002);

INSERT INTO SGC.COMPETENCIA (CODIGO, MAPA_CODIGO, DESCRICAO) VALUES (910003, 1003, 'Gerenciar simulados eleitorais');
INSERT INTO SGC.ATIVIDADE (CODIGO, MAPA_CODIGO, DESCRICAO) VALUES (920007, 1003, 'Planejar e executar testes de estresse e carga nos sistemas de totalização.');
INSERT INTO SGC.CONHECIMENTO (CODIGO, ATIVIDADE_CODIGO, DESCRICAO) VALUES (930021, 920007, 'Metodologia de execução de testes de carga');
INSERT INTO SGC.CONHECIMENTO (CODIGO, ATIVIDADE_CODIGO, DESCRICAO) VALUES (930022, 920007, 'Ferramentas de simulação de tráfego de dados');
INSERT INTO SGC.COMPETENCIA_ATIVIDADE (ATIVIDADE_CODIGO, COMPETENCIA_CODIGO) VALUES (920007, 910003);
INSERT INTO SGC.ATIVIDADE (CODIGO, MAPA_CODIGO, DESCRICAO) VALUES (920008, 1003, 'Simular cenários de falha de hardware e rede para validar planos de contingência.');
INSERT INTO SGC.CONHECIMENTO (CODIGO, ATIVIDADE_CODIGO, DESCRICAO) VALUES (930023, 920008, 'Técnicas de simulação de falhas de hardware');
INSERT INTO SGC.CONHECIMENTO (CODIGO, ATIVIDADE_CODIGO, DESCRICAO) VALUES (930024, 920008, 'Arquitetura de rede do Tribunal');
INSERT INTO SGC.COMPETENCIA_ATIVIDADE (ATIVIDADE_CODIGO, COMPETENCIA_CODIGO) VALUES (920008, 910003);
INSERT INTO SGC.ATIVIDADE (CODIGO, MAPA_CODIGO, DESCRICAO) VALUES (920009, 1003, 'Coordenar simulados regionais envolvendo técnicos de diversas unidades.');
INSERT INTO SGC.CONHECIMENTO (CODIGO, ATIVIDADE_CODIGO, DESCRICAO) VALUES (930025, 920009, 'Gestão de equipes técnicas');
INSERT INTO SGC.CONHECIMENTO (CODIGO, ATIVIDADE_CODIGO, DESCRICAO) VALUES (930026, 920009, 'Logística de eventos técnicos eleitorais');
INSERT INTO SGC.COMPETENCIA_ATIVIDADE (ATIVIDADE_CODIGO, COMPETENCIA_CODIGO) VALUES (920009, 910003);

INSERT INTO SGC.COMPETENCIA (CODIGO, MAPA_CODIGO, DESCRICAO) VALUES (910004, 1003, 'Elaborar roteiros técnicos de sistemas eleitorais');
INSERT INTO SGC.ATIVIDADE (CODIGO, MAPA_CODIGO, DESCRICAO) VALUES (920010, 1003, 'Desenvolver guias passo a passo para operação de sistemas por técnicos de urna.');
INSERT INTO SGC.CONHECIMENTO (CODIGO, ATIVIDADE_CODIGO, DESCRICAO) VALUES (930027, 920010, 'Técnicas de redação técnica');
INSERT INTO SGC.CONHECIMENTO (CODIGO, ATIVIDADE_CODIGO, DESCRICAO) VALUES (930028, 920010, 'Simplificação de linguagem técnica');
INSERT INTO SGC.CONHECIMENTO (CODIGO, ATIVIDADE_CODIGO, DESCRICAO) VALUES (930029, 920010, 'Princípios de experiência do usuário para manuais');
INSERT INTO SGC.COMPETENCIA_ATIVIDADE (ATIVIDADE_CODIGO, COMPETENCIA_CODIGO) VALUES (920010, 910004);
INSERT INTO SGC.ATIVIDADE (CODIGO, MAPA_CODIGO, DESCRICAO) VALUES (920011, 1003, 'Criar manuais de procedimentos para solução de problemas técnicos recorrentes.');
INSERT INTO SGC.CONHECIMENTO (CODIGO, ATIVIDADE_CODIGO, DESCRICAO) VALUES (930030, 920011, 'Metodologia de análise de causa raiz');
INSERT INTO SGC.CONHECIMENTO (CODIGO, ATIVIDADE_CODIGO, DESCRICAO) VALUES (930031, 920011, 'Histórico de problemas técnicos de pleitos anteriores');
INSERT INTO SGC.COMPETENCIA_ATIVIDADE (ATIVIDADE_CODIGO, COMPETENCIA_CODIGO) VALUES (920011, 910004);
INSERT INTO SGC.ATIVIDADE (CODIGO, MAPA_CODIGO, DESCRICAO) VALUES (920012, 1003, 'Documentar as configurações específicas do ambiente para cada ciclo eleitoral.');
INSERT INTO SGC.CONHECIMENTO (CODIGO, ATIVIDADE_CODIGO, DESCRICAO) VALUES (930032, 920012, 'Padrões de documentação técnica de infraestrutura');
INSERT INTO SGC.COMPETENCIA_ATIVIDADE (ATIVIDADE_CODIGO, COMPETENCIA_CODIGO) VALUES (920012, 910004);

INSERT INTO SGC.COMPETENCIA (CODIGO, MAPA_CODIGO, DESCRICAO) VALUES (910005, 1003, 'Elaborar e ministrar treinamentos eleitorais');
INSERT INTO SGC.ATIVIDADE (CODIGO, MAPA_CODIGO, DESCRICAO) VALUES (920013, 1003, 'Capacitar técnicos de suporte e mesários na operação das urnas e sistemas.');
INSERT INTO SGC.CONHECIMENTO (CODIGO, ATIVIDADE_CODIGO, DESCRICAO) VALUES (930033, 920013, 'Didática para treinamentos operacionais');
INSERT INTO SGC.CONHECIMENTO (CODIGO, ATIVIDADE_CODIGO, DESCRICAO) VALUES (930034, 920013, 'Conteúdo do Manual do Mesário');
INSERT INTO SGC.CONHECIMENTO (CODIGO, ATIVIDADE_CODIGO, DESCRICAO) VALUES (930035, 920013, 'Legislação eleitoral aplicada ao mesário');
INSERT INTO SGC.COMPETENCIA_ATIVIDADE (ATIVIDADE_CODIGO, COMPETENCIA_CODIGO) VALUES (920013, 910005);
INSERT INTO SGC.ATIVIDADE (CODIGO, MAPA_CODIGO, DESCRICAO) VALUES (920014, 1003, 'Produzir videoaulas e materiais didáticos sobre novas funcionalidades dos sistemas.');
INSERT INTO SGC.CONHECIMENTO (CODIGO, ATIVIDADE_CODIGO, DESCRICAO) VALUES (930036, 920014, 'Ferramentas de edição de vídeo');
INSERT INTO SGC.CONHECIMENTO (CODIGO, ATIVIDADE_CODIGO, DESCRICAO) VALUES (930037, 920014, 'Técnicas de design instrucional');
INSERT INTO SGC.COMPETENCIA_ATIVIDADE (ATIVIDADE_CODIGO, COMPETENCIA_CODIGO) VALUES (920014, 910005);
INSERT INTO SGC.ATIVIDADE (CODIGO, MAPA_CODIGO, DESCRICAO) VALUES (920015, 1003, 'Avaliar o nível de retenção de conhecimento dos participantes.');
INSERT INTO SGC.CONHECIMENTO (CODIGO, ATIVIDADE_CODIGO, DESCRICAO) VALUES (930038, 920015, 'Técnicas de avaliação de aprendizagem');
INSERT INTO SGC.COMPETENCIA_ATIVIDADE (ATIVIDADE_CODIGO, COMPETENCIA_CODIGO) VALUES (920015, 910005);

INSERT INTO SGC.COMPETENCIA (CODIGO, MAPA_CODIGO, DESCRICAO) VALUES (910006, 1003, 'Gerenciar projetos de desenvolvimento de sistemas informatizados');
INSERT INTO SGC.ATIVIDADE (CODIGO, MAPA_CODIGO, DESCRICAO) VALUES (920016, 1003, 'Definir cronogramas e marcos de entrega para novos módulos do SGC.');
INSERT INTO SGC.CONHECIMENTO (CODIGO, ATIVIDADE_CODIGO, DESCRICAO) VALUES (930039, 920016, 'Técnicas de estimativa de esforço de software');
INSERT INTO SGC.CONHECIMENTO (CODIGO, ATIVIDADE_CODIGO, DESCRICAO) VALUES (930040, 920016, 'Uso de gráficos de Gantt');
INSERT INTO SGC.CONHECIMENTO (CODIGO, ATIVIDADE_CODIGO, DESCRICAO) VALUES (930041, 920016, 'Uso de gráficos Burndown');
INSERT INTO SGC.COMPETENCIA_ATIVIDADE (ATIVIDADE_CODIGO, COMPETENCIA_CODIGO) VALUES (920016, 910006);
INSERT INTO SGC.ATIVIDADE (CODIGO, MAPA_CODIGO, DESCRICAO) VALUES (920017, 1003, 'Alocar recursos humanos e técnicos para sprints de desenvolvimento.');
INSERT INTO SGC.CONHECIMENTO (CODIGO, ATIVIDADE_CODIGO, DESCRICAO) VALUES (930042, 920017, 'Técnicas de planejamento de capacidade');
INSERT INTO SGC.CONHECIMENTO (CODIGO, ATIVIDADE_CODIGO, DESCRICAO) VALUES (930043, 920017, 'Mapeamento de competências técnicas da equipe');
INSERT INTO SGC.COMPETENCIA_ATIVIDADE (ATIVIDADE_CODIGO, COMPETENCIA_CODIGO) VALUES (920017, 910006);
INSERT INTO SGC.ATIVIDADE (CODIGO, MAPA_CODIGO, DESCRICAO) VALUES (920018, 1003, 'Realizar reuniões de acompanhamento e retrospectivas.');
INSERT INTO SGC.CONHECIMENTO (CODIGO, ATIVIDADE_CODIGO, DESCRICAO) VALUES (930044, 920018, 'Facilitação de reuniões diárias do Scrum');
INSERT INTO SGC.CONHECIMENTO (CODIGO, ATIVIDADE_CODIGO, DESCRICAO) VALUES (930045, 920018, 'Técnicas de retrospectiva de sprint');
INSERT INTO SGC.COMPETENCIA_ATIVIDADE (ATIVIDADE_CODIGO, COMPETENCIA_CODIGO) VALUES (920018, 910006);

INSERT INTO SGC.COMPETENCIA (CODIGO, MAPA_CODIGO, DESCRICAO) VALUES (910007, 1003, 'Gerenciar a configuração e o ambiente de desenvolvimento de sistemas');
INSERT INTO SGC.ATIVIDADE (CODIGO, MAPA_CODIGO, DESCRICAO) VALUES (920019, 1003, 'Manter a integridade do repositório central de código-fonte.');
INSERT INTO SGC.CONHECIMENTO (CODIGO, ATIVIDADE_CODIGO, DESCRICAO) VALUES (930046, 920019, 'Administração de servidores Git');
INSERT INTO SGC.CONHECIMENTO (CODIGO, ATIVIDADE_CODIGO, DESCRICAO) VALUES (930047, 920019, 'Estratégias de ramificação de código GitFlow');
INSERT INTO SGC.CONHECIMENTO (CODIGO, ATIVIDADE_CODIGO, DESCRICAO) VALUES (930048, 920019, 'Estratégias de desenvolvimento baseado em tronco');
INSERT INTO SGC.COMPETENCIA_ATIVIDADE (ATIVIDADE_CODIGO, COMPETENCIA_CODIGO) VALUES (920019, 910007);
INSERT INTO SGC.ATIVIDADE (CODIGO, MAPA_CODIGO, DESCRICAO) VALUES (920020, 1003, 'Configurar e manter pipelines de integração e entrega contínua.');
INSERT INTO SGC.CONHECIMENTO (CODIGO, ATIVIDADE_CODIGO, DESCRICAO) VALUES (930049, 920020, 'Sintaxe YAML para configurações de pipeline');
INSERT INTO SGC.CONHECIMENTO (CODIGO, ATIVIDADE_CODIGO, DESCRICAO) VALUES (930050, 920020, 'Uso do Jenkins');
INSERT INTO SGC.CONHECIMENTO (CODIGO, ATIVIDADE_CODIGO, DESCRICAO) VALUES (930051, 920020, 'Uso do GitLab CI');
INSERT INTO SGC.COMPETENCIA_ATIVIDADE (ATIVIDADE_CODIGO, COMPETENCIA_CODIGO) VALUES (920020, 910007);
INSERT INTO SGC.ATIVIDADE (CODIGO, MAPA_CODIGO, DESCRICAO) VALUES (920021, 1003, 'Gerenciar ambientes virtualizados para desenvolvimento e homologação.');
INSERT INTO SGC.CONHECIMENTO (CODIGO, ATIVIDADE_CODIGO, DESCRICAO) VALUES (930052, 920021, 'Uso de Docker');
INSERT INTO SGC.CONHECIMENTO (CODIGO, ATIVIDADE_CODIGO, DESCRICAO) VALUES (930053, 920021, 'Orquestração de containers com Docker Compose');
INSERT INTO SGC.CONHECIMENTO (CODIGO, ATIVIDADE_CODIGO, DESCRICAO) VALUES (930054, 920021, 'Princípios de Infraestrutura como Código');
INSERT INTO SGC.COMPETENCIA_ATIVIDADE (ATIVIDADE_CODIGO, COMPETENCIA_CODIGO) VALUES (920021, 910007);

INSERT INTO SGC.COMPETENCIA (CODIGO, MAPA_CODIGO, DESCRICAO) VALUES (910008, 1003, 'Realizar levantamento de requisitos de sistemas informatizados');
INSERT INTO SGC.ATIVIDADE (CODIGO, MAPA_CODIGO, DESCRICAO) VALUES (920022, 1003, 'Conduzir entrevistas com usuários finais para elicitar necessidades.');
INSERT INTO SGC.CONHECIMENTO (CODIGO, ATIVIDADE_CODIGO, DESCRICAO) VALUES (930055, 920022, 'Técnicas de entrevista de requisitos');
INSERT INTO SGC.CONHECIMENTO (CODIGO, ATIVIDADE_CODIGO, DESCRICAO) VALUES (930056, 920022, 'Técnicas de brainstorming de requisitos');
INSERT INTO SGC.COMPETENCIA_ATIVIDADE (ATIVIDADE_CODIGO, COMPETENCIA_CODIGO) VALUES (920022, 910008);
INSERT INTO SGC.ATIVIDADE (CODIGO, MAPA_CODIGO, DESCRICAO) VALUES (920023, 1003, 'Mapear processos de negócio e identificar pontos de automação.');
INSERT INTO SGC.CONHECIMENTO (CODIGO, ATIVIDADE_CODIGO, DESCRICAO) VALUES (930057, 920023, 'Notação BPMN 2.0');
INSERT INTO SGC.CONHECIMENTO (CODIGO, ATIVIDADE_CODIGO, DESCRICAO) VALUES (930058, 920023, 'Técnicas de análise de lacunas de processos');
INSERT INTO SGC.COMPETENCIA_ATIVIDADE (ATIVIDADE_CODIGO, COMPETENCIA_CODIGO) VALUES (920023, 910008);
INSERT INTO SGC.ATIVIDADE (CODIGO, MAPA_CODIGO, DESCRICAO) VALUES (920024, 1003, 'Documentar requisitos funcionais e não-funcionais detalhadamente.');
INSERT INTO SGC.CONHECIMENTO (CODIGO, ATIVIDADE_CODIGO, DESCRICAO) VALUES (930059, 920024, 'Escrita de Histórias de Usuário');
INSERT INTO SGC.CONHECIMENTO (CODIGO, ATIVIDADE_CODIGO, DESCRICAO) VALUES (930060, 920024, 'Definição de Critérios de Aceitação');
INSERT INTO SGC.COMPETENCIA_ATIVIDADE (ATIVIDADE_CODIGO, COMPETENCIA_CODIGO) VALUES (920024, 910008);

INSERT INTO SGC.COMPETENCIA (CODIGO, MAPA_CODIGO, DESCRICAO) VALUES (910009, 1003, 'Realizar análise e projeto de sistemas informatizados');
INSERT INTO SGC.ATIVIDADE (CODIGO, MAPA_CODIGO, DESCRICAO) VALUES (920025, 1003, 'Desenhar diagramas de arquitetura de software e modelos de dados.');
INSERT INTO SGC.CONHECIMENTO (CODIGO, ATIVIDADE_CODIGO, DESCRICAO) VALUES (930061, 920025, 'Modelagem Entidade Relacionamento');
INSERT INTO SGC.CONHECIMENTO (CODIGO, ATIVIDADE_CODIGO, DESCRICAO) VALUES (930062, 920025, 'Diagramas de Classe da UML');
INSERT INTO SGC.CONHECIMENTO (CODIGO, ATIVIDADE_CODIGO, DESCRICAO) VALUES (930063, 920025, 'Diagramas de Sequência da UML');
INSERT INTO SGC.COMPETENCIA_ATIVIDADE (ATIVIDADE_CODIGO, COMPETENCIA_CODIGO) VALUES (920025, 910009);
INSERT INTO SGC.ATIVIDADE (CODIGO, MAPA_CODIGO, DESCRICAO) VALUES (920026, 1003, 'Definir interfaces de integração entre módulos.');
INSERT INTO SGC.CONHECIMENTO (CODIGO, ATIVIDADE_CODIGO, DESCRICAO) VALUES (930064, 920026, 'Padrões de arquitetura RESTful');
INSERT INTO SGC.CONHECIMENTO (CODIGO, ATIVIDADE_CODIGO, DESCRICAO) VALUES (930065, 920026, 'Documentação de APIs com OpenAPI');
INSERT INTO SGC.COMPETENCIA_ATIVIDADE (ATIVIDADE_CODIGO, COMPETENCIA_CODIGO) VALUES (920026, 910009);
INSERT INTO SGC.ATIVIDADE (CODIGO, MAPA_CODIGO, DESCRICAO) VALUES (920027, 1003, 'Escolher padrões de projeto adequados para a solução.');
INSERT INTO SGC.CONHECIMENTO (CODIGO, ATIVIDADE_CODIGO, DESCRICAO) VALUES (930066, 920027, 'Padrões de projeto GoF');
INSERT INTO SGC.CONHECIMENTO (CODIGO, ATIVIDADE_CODIGO, DESCRICAO) VALUES (930067, 920027, 'Princípios SOLID de programação orientada a objetos');
INSERT INTO SGC.COMPETENCIA_ATIVIDADE (ATIVIDADE_CODIGO, COMPETENCIA_CODIGO) VALUES (920027, 910009);

INSERT INTO SGC.COMPETENCIA (CODIGO, MAPA_CODIGO, DESCRICAO) VALUES (910010, 1003, 'Implementar serviços e sistemas informatizados');
INSERT INTO SGC.ATIVIDADE (CODIGO, MAPA_CODIGO, DESCRICAO) VALUES (920028, 1003, 'Desenvolver código backend.');
INSERT INTO SGC.CONHECIMENTO (CODIGO, ATIVIDADE_CODIGO, DESCRICAO) VALUES (930068, 920028, 'Linguagem de programação Java 17');
INSERT INTO SGC.CONHECIMENTO (CODIGO, ATIVIDADE_CODIGO, DESCRICAO) VALUES (930069, 920028, 'Framework Spring Boot');
INSERT INTO SGC.CONHECIMENTO (CODIGO, ATIVIDADE_CODIGO, DESCRICAO) VALUES (930070, 920028, 'Framework Hibernate');
INSERT INTO SGC.CONHECIMENTO (CODIGO, ATIVIDADE_CODIGO, DESCRICAO) VALUES (930071, 920028, 'Otimização de consultas SQL no banco de dados');
INSERT INTO SGC.COMPETENCIA_ATIVIDADE (ATIVIDADE_CODIGO, COMPETENCIA_CODIGO) VALUES (920028, 910010);
INSERT INTO SGC.ATIVIDADE (CODIGO, MAPA_CODIGO, DESCRICAO) VALUES (920029, 1003, 'Desenvolver interfaces frontend.');
INSERT INTO SGC.CONHECIMENTO (CODIGO, ATIVIDADE_CODIGO, DESCRICAO) VALUES (930072, 920029, 'Framework Vue.js 3');
INSERT INTO SGC.CONHECIMENTO (CODIGO, ATIVIDADE_CODIGO, DESCRICAO) VALUES (930073, 920029, 'Linguagem TypeScript');
INSERT INTO SGC.CONHECIMENTO (CODIGO, ATIVIDADE_CODIGO, DESCRICAO) VALUES (930074, 920029, 'Técnicas de CSS Flexbox');
INSERT INTO SGC.CONHECIMENTO (CODIGO, ATIVIDADE_CODIGO, DESCRICAO) VALUES (930075, 920029, 'Técnicas de CSS Grid');
INSERT INTO SGC.COMPETENCIA_ATIVIDADE (ATIVIDADE_CODIGO, COMPETENCIA_CODIGO) VALUES (920029, 910010);
INSERT INTO SGC.ATIVIDADE (CODIGO, MAPA_CODIGO, DESCRICAO) VALUES (920030, 1003, 'Realizar refatoração de código legado.');
INSERT INTO SGC.CONHECIMENTO (CODIGO, ATIVIDADE_CODIGO, DESCRICAO) VALUES (930076, 920030, 'Técnicas de refatoração de código');
INSERT INTO SGC.CONHECIMENTO (CODIGO, ATIVIDADE_CODIGO, DESCRICAO) VALUES (930077, 920030, 'Identificação de códigos com cheiro ruim');
INSERT INTO SGC.COMPETENCIA_ATIVIDADE (ATIVIDADE_CODIGO, COMPETENCIA_CODIGO) VALUES (920030, 910010);

INSERT INTO SGC.COMPETENCIA (CODIGO, MAPA_CODIGO, DESCRICAO) VALUES (910011, 1003, 'Aplicar padrões de design, usabilidade, acessibilidade, privacidade e segurança');
INSERT INTO SGC.ATIVIDADE (CODIGO, MAPA_CODIGO, DESCRICAO) VALUES (920031, 1003, 'Garantir a acessibilidade das interfaces do sistema.');
INSERT INTO SGC.CONHECIMENTO (CODIGO, ATIVIDADE_CODIGO, DESCRICAO) VALUES (930078, 920031, 'Normas do Modelo de Acessibilidade em Governo Eletrônico');
INSERT INTO SGC.CONHECIMENTO (CODIGO, ATIVIDADE_CODIGO, DESCRICAO) VALUES (930079, 920031, 'Diretrizes de Acessibilidade para Conteúdo Web 2.1');
INSERT INTO SGC.CONHECIMENTO (CODIGO, ATIVIDADE_CODIGO, DESCRICAO) VALUES (930080, 920031, 'Ferramentas de validação de acessibilidade digital');
INSERT INTO SGC.COMPETENCIA_ATIVIDADE (ATIVIDADE_CODIGO, COMPETENCIA_CODIGO) VALUES (920031, 910011);
INSERT INTO SGC.ATIVIDADE (CODIGO, MAPA_CODIGO, DESCRICAO) VALUES (920032, 1003, 'Implementar proteção contra ataques cibernéticos comuns.');
INSERT INTO SGC.CONHECIMENTO (CODIGO, ATIVIDADE_CODIGO, DESCRICAO) VALUES (930081, 920032, 'Segurança em APIs com padrão OAuth2');
INSERT INTO SGC.CONHECIMENTO (CODIGO, ATIVIDADE_CODIGO, DESCRICAO) VALUES (930082, 920032, 'Segurança em APIs com padrão JWT');
INSERT INTO SGC.CONHECIMENTO (CODIGO, ATIVIDADE_CODIGO, DESCRICAO) VALUES (930083, 920032, 'Prevenção contra ataque de Injeção de SQL');
INSERT INTO SGC.CONHECIMENTO (CODIGO, ATIVIDADE_CODIGO, DESCRICAO) VALUES (930084, 920032, 'Prevenção contra ataque de Script entre sites');
INSERT INTO SGC.COMPETENCIA_ATIVIDADE (ATIVIDADE_CODIGO, COMPETENCIA_CODIGO) VALUES (920032, 910011);
INSERT INTO SGC.ATIVIDADE (CODIGO, MAPA_CODIGO, DESCRICAO) VALUES (920033, 1003, 'Configurar o sistema para conformidade com a proteção de dados.');
INSERT INTO SGC.CONHECIMENTO (CODIGO, ATIVIDADE_CODIGO, DESCRICAO) VALUES (930085, 920033, 'Diretrizes da Lei Geral de Proteção de Dados');
INSERT INTO SGC.CONHECIMENTO (CODIGO, ATIVIDADE_CODIGO, DESCRICAO) VALUES (930086, 920033, 'Técnicas de anonimização de dados pessoais');
INSERT INTO SGC.COMPETENCIA_ATIVIDADE (ATIVIDADE_CODIGO, COMPETENCIA_CODIGO) VALUES (920033, 910011);

INSERT INTO SGC.COMPETENCIA (CODIGO, MAPA_CODIGO, DESCRICAO) VALUES (910012, 1003, 'Coordenar a implantação de sistemas informatizados');
INSERT INTO SGC.ATIVIDADE (CODIGO, MAPA_CODIGO, DESCRICAO) VALUES (920034, 1003, 'Planejar janelas de manutenção e comunicação de indisponibilidade.');
INSERT INTO SGC.CONHECIMENTO (CODIGO, ATIVIDADE_CODIGO, DESCRICAO) VALUES (930087, 920034, 'Técnicas de gerenciamento de partes interessadas');
INSERT INTO SGC.COMPETENCIA_ATIVIDADE (ATIVIDADE_CODIGO, COMPETENCIA_CODIGO) VALUES (920034, 910012);
INSERT INTO SGC.ATIVIDADE (CODIGO, MAPA_CODIGO, DESCRICAO) VALUES (920035, 1003, 'Executar scripts de migração de banco de dados.');
INSERT INTO SGC.CONHECIMENTO (CODIGO, ATIVIDADE_CODIGO, DESCRICAO) VALUES (930088, 920035, 'Uso da ferramenta Flyway');
INSERT INTO SGC.CONHECIMENTO (CODIGO, ATIVIDADE_CODIGO, DESCRICAO) VALUES (930089, 920035, 'Uso da ferramenta Liquibase');
INSERT INTO SGC.COMPETENCIA_ATIVIDADE (ATIVIDADE_CODIGO, COMPETENCIA_CODIGO) VALUES (920035, 910012);
INSERT INTO SGC.ATIVIDADE (CODIGO, MAPA_CODIGO, DESCRICAO) VALUES (920036, 1003, 'Verificar a estabilidade do sistema pós-implantação.');
INSERT INTO SGC.CONHECIMENTO (CODIGO, ATIVIDADE_CODIGO, DESCRICAO) VALUES (930090, 920036, 'Análise de verificações de saúde do sistema');
INSERT INTO SGC.COMPETENCIA_ATIVIDADE (ATIVIDADE_CODIGO, COMPETENCIA_CODIGO) VALUES (920036, 910012);

INSERT INTO SGC.COMPETENCIA (CODIGO, MAPA_CODIGO, DESCRICAO) VALUES (910013, 1003, 'Testar sistemas informatizados');
INSERT INTO SGC.ATIVIDADE (CODIGO, MAPA_CODIGO, DESCRICAO) VALUES (920037, 1003, 'Executar baterias de testes automatizados de ponta a ponta.');
INSERT INTO SGC.CONHECIMENTO (CODIGO, ATIVIDADE_CODIGO, DESCRICAO) VALUES (930091, 920037, 'Uso da ferramenta Playwright');
INSERT INTO SGC.COMPETENCIA_ATIVIDADE (ATIVIDADE_CODIGO, COMPETENCIA_CODIGO) VALUES (920037, 910013);
INSERT INTO SGC.ATIVIDADE (CODIGO, MAPA_CODIGO, DESCRICAO) VALUES (920038, 1003, 'Desenvolver testes unitários e de integração.');
INSERT INTO SGC.CONHECIMENTO (CODIGO, ATIVIDADE_CODIGO, DESCRICAO) VALUES (930092, 920038, 'Uso do framework JUnit');
INSERT INTO SGC.CONHECIMENTO (CODIGO, ATIVIDADE_CODIGO, DESCRICAO) VALUES (930093, 920038, 'Uso da biblioteca Mockito');
INSERT INTO SGC.CONHECIMENTO (CODIGO, ATIVIDADE_CODIGO, DESCRICAO) VALUES (930094, 920038, 'Uso da ferramenta Vitest');
INSERT INTO SGC.COMPETENCIA_ATIVIDADE (ATIVIDADE_CODIGO, COMPETENCIA_CODIGO) VALUES (920038, 910013);
INSERT INTO SGC.ATIVIDADE (CODIGO, MAPA_CODIGO, DESCRICAO) VALUES (920039, 1003, 'Reportar e monitorar o ciclo de vida de bugs.');
INSERT INTO SGC.CONHECIMENTO (CODIGO, ATIVIDADE_CODIGO, DESCRICAO) VALUES (930095, 920039, 'Técnicas de gestão de defeitos de software');
INSERT INTO SGC.COMPETENCIA_ATIVIDADE (ATIVIDADE_CODIGO, COMPETENCIA_CODIGO) VALUES (920039, 910013);

INSERT INTO SGC.COMPETENCIA (CODIGO, MAPA_CODIGO, DESCRICAO) VALUES (910014, 1003, 'Prestar suporte técnico especializado aos sistemas');
INSERT INTO SGC.ATIVIDADE (CODIGO, MAPA_CODIGO, DESCRICAO) VALUES (920040, 1003, 'Atuar na resolução de incidentes complexos escalonados.');
INSERT INTO SGC.CONHECIMENTO (CODIGO, ATIVIDADE_CODIGO, DESCRICAO) VALUES (930096, 920040, 'Análise de despejos de memória Heap');
INSERT INTO SGC.CONHECIMENTO (CODIGO, ATIVIDADE_CODIGO, DESCRICAO) VALUES (930097, 920040, 'Análise de despejos de execução Thread');
INSERT INTO SGC.COMPETENCIA_ATIVIDADE (ATIVIDADE_CODIGO, COMPETENCIA_CODIGO) VALUES (920040, 910014);
INSERT INTO SGC.ATIVIDADE (CODIGO, MAPA_CODIGO, DESCRICAO) VALUES (920041, 1003, 'Analisar logs de erro para identificar falhas.');
INSERT INTO SGC.CONHECIMENTO (CODIGO, ATIVIDADE_CODIGO, DESCRICAO) VALUES (930098, 920041, 'Uso da pilha de ferramentas ELK');
INSERT INTO SGC.COMPETENCIA_ATIVIDADE (ATIVIDADE_CODIGO, COMPETENCIA_CODIGO) VALUES (920041, 910014);
INSERT INTO SGC.ATIVIDADE (CODIGO, MAPA_CODIGO, DESCRICAO) VALUES (920042, 1003, 'Desenvolver correções paliativas urgentes.');
INSERT INTO SGC.CONHECIMENTO (CODIGO, ATIVIDADE_CODIGO, DESCRICAO) VALUES (930099, 920042, 'Gestão de patches de software em produção');
INSERT INTO SGC.COMPETENCIA_ATIVIDADE (ATIVIDADE_CODIGO, COMPETENCIA_CODIGO) VALUES (920042, 910014);

INSERT INTO SGC.COMPETENCIA (CODIGO, MAPA_CODIGO, DESCRICAO) VALUES (910015, 1003, 'Atuar como integrante demandante no planejamento de contratações');
INSERT INTO SGC.ATIVIDADE (CODIGO, MAPA_CODIGO, DESCRICAO) VALUES (920043, 1003, 'Elaborar estudos técnicos preliminares.');
INSERT INTO SGC.CONHECIMENTO (CODIGO, ATIVIDADE_CODIGO, DESCRICAO) VALUES (930100, 920043, 'Instruções Normativas de contratação de TI da Secretaria de Governo Digital');
INSERT INTO SGC.COMPETENCIA_ATIVIDADE (ATIVIDADE_CODIGO, COMPETENCIA_CODIGO) VALUES (920043, 910015);
INSERT INTO SGC.ATIVIDADE (CODIGO, MAPA_CODIGO, DESCRICAO) VALUES (920044, 1003, 'Definir o objeto e a justificativa da contratação.');
INSERT INTO SGC.CONHECIMENTO (CODIGO, ATIVIDADE_CODIGO, DESCRICAO) VALUES (930101, 920044, 'Técnicas de pesquisa de mercado de tecnologia');
INSERT INTO SGC.CONHECIMENTO (CODIGO, ATIVIDADE_CODIGO, DESCRICAO) VALUES (930102, 920044, 'Análise de soluções tecnológicas alternativas');
INSERT INTO SGC.COMPETENCIA_ATIVIDADE (ATIVIDADE_CODIGO, COMPETENCIA_CODIGO) VALUES (920044, 910015);

INSERT INTO SGC.COMPETENCIA (CODIGO, MAPA_CODIGO, DESCRICAO) VALUES (910016, 1003, 'Atuar como integrante técnico no planejamento de contratações');
INSERT INTO SGC.ATIVIDADE (CODIGO, MAPA_CODIGO, DESCRICAO) VALUES (920045, 1003, 'Escrever as especificações técnicas no Termo de Referência.');
INSERT INTO SGC.CONHECIMENTO (CODIGO, ATIVIDADE_CODIGO, DESCRICAO) VALUES (930103, 920045, 'Técnicas de definição de requisitos técnicos de TI');
INSERT INTO SGC.COMPETENCIA_ATIVIDADE (ATIVIDADE_CODIGO, COMPETENCIA_CODIGO) VALUES (920045, 910016);
INSERT INTO SGC.ATIVIDADE (CODIGO, MAPA_CODIGO, DESCRICAO) VALUES (920046, 1003, 'Definir níveis mínimos de serviço.');
INSERT INTO SGC.CONHECIMENTO (CODIGO, ATIVIDADE_CODIGO, DESCRICAO) VALUES (930104, 920046, 'Definição de indicadores de Acordo de Nível de Serviço');
INSERT INTO SGC.COMPETENCIA_ATIVIDADE (ATIVIDADE_CODIGO, COMPETENCIA_CODIGO) VALUES (920046, 910016);
INSERT INTO SGC.ATIVIDADE (CODIGO, MAPA_CODIGO, DESCRICAO) VALUES (920047, 1003, 'Analisar propostas técnicas em processos licitatórios.');
INSERT INTO SGC.CONHECIMENTO (CODIGO, ATIVIDADE_CODIGO, DESCRICAO) VALUES (930105, 920047, 'Técnicas de julgamento de conformidade técnica em licitações');
INSERT INTO SGC.COMPETENCIA_ATIVIDADE (ATIVIDADE_CODIGO, COMPETENCIA_CODIGO) VALUES (920047, 910016);

INSERT INTO SGC.COMPETENCIA (CODIGO, MAPA_CODIGO, DESCRICAO) VALUES (910017, 1003, 'Atuar como fiscal técnico na execução de contratações');
INSERT INTO SGC.ATIVIDADE (CODIGO, MAPA_CODIGO, DESCRICAO) VALUES (920048, 1003, 'Acompanhar a execução técnica garantindo os níveis de serviço.');
INSERT INTO SGC.CONHECIMENTO (CODIGO, ATIVIDADE_CODIGO, DESCRICAO) VALUES (930106, 920048, 'Técnicas de gestão de contratos administrativos de TI');
INSERT INTO SGC.COMPETENCIA_ATIVIDADE (ATIVIDADE_CODIGO, COMPETENCIA_CODIGO) VALUES (920048, 910017);
INSERT INTO SGC.ATIVIDADE (CODIGO, MAPA_CODIGO, DESCRICAO) VALUES (920049, 1003, 'Validar entregas e atestar notas fiscais tecnicamente.');
INSERT INTO SGC.CONHECIMENTO (CODIGO, ATIVIDADE_CODIGO, DESCRICAO) VALUES (930107, 920049, 'Normas de recebimento provisório de serviços de TI');
INSERT INTO SGC.CONHECIMENTO (CODIGO, ATIVIDADE_CODIGO, DESCRICAO) VALUES (930108, 920049, 'Normas de recebimento definitivo de serviços de TI');
INSERT INTO SGC.COMPETENCIA_ATIVIDADE (ATIVIDADE_CODIGO, COMPETENCIA_CODIGO) VALUES (920049, 910017);
INSERT INTO SGC.ATIVIDADE (CODIGO, MAPA_CODIGO, DESCRICAO) VALUES (920050, 1003, 'Gerenciar riscos contratuais técnicos.');
INSERT INTO SGC.CONHECIMENTO (CODIGO, ATIVIDADE_CODIGO, DESCRICAO) VALUES (930109, 920050, 'Técnicas de análise de matriz de riscos contratuais');
INSERT INTO SGC.COMPETENCIA_ATIVIDADE (ATIVIDADE_CODIGO, COMPETENCIA_CODIGO) VALUES (920050, 910017);

-- -------------------------------------------------------------------------------------------------
-- Histórico de movimentações do mapa SESEL
-- -------------------------------------------------------------------------------------------------
INSERT INTO SGC.MOVIMENTACAO (CODIGO, SUBPROCESSO_CODIGO, USUARIO_TITULO, DESCRICAO, DATA_HORA, UNIDADE_ORIGEM_CODIGO, UNIDADE_DESTINO_CODIGO) VALUES (940001, 60003, '1', 'Processo iniciado para o mapa SESEL', CURRENT_TIMESTAMP - INTERVAL '4' DAY, 10, 10);
INSERT INTO SGC.MOVIMENTACAO (CODIGO, SUBPROCESSO_CODIGO, USUARIO_TITULO, DESCRICAO, DATA_HORA, UNIDADE_ORIGEM_CODIGO, UNIDADE_DESTINO_CODIGO) VALUES (940002, 60003, '1', 'Cadastro do mapa disponibilizado para análise', CURRENT_TIMESTAMP - INTERVAL '3' DAY, 10, 6);
INSERT INTO SGC.MOVIMENTACAO (CODIGO, SUBPROCESSO_CODIGO, USUARIO_TITULO, DESCRICAO, DATA_HORA, UNIDADE_ORIGEM_CODIGO, UNIDADE_DESTINO_CODIGO) VALUES (940003, 60003, '111111111111', 'Mapa disponibilizado para validação', CURRENT_TIMESTAMP - INTERVAL '2' DAY, 6, 10);
INSERT INTO SGC.MOVIMENTACAO (CODIGO, SUBPROCESSO_CODIGO, USUARIO_TITULO, DESCRICAO, DATA_HORA, UNIDADE_ORIGEM_CODIGO, UNIDADE_DESTINO_CODIGO) VALUES (940004, 60003, '111111111111', 'Mapa SESEL homologado', CURRENT_TIMESTAMP - INTERVAL '1' DAY, 10, 10);

-- -------------------------------------------------------------------------------------------------
-- Alertas e leitura do mapa SESEL
-- -------------------------------------------------------------------------------------------------
INSERT INTO SGC.ALERTA (CODIGO, PROCESSO_CODIGO, UNIDADE_ORIGEM_CODIGO, UNIDADE_DESTINO_CODIGO, USUARIO_DESTINO_TITULO, DESCRICAO, DATA_HORA) VALUES (950001, 50002, 6, 10, '1', 'Mapa SESEL homologado', CURRENT_TIMESTAMP - INTERVAL '1' DAY);
INSERT INTO SGC.ALERTA (CODIGO, PROCESSO_CODIGO, UNIDADE_ORIGEM_CODIGO, UNIDADE_DESTINO_CODIGO, DESCRICAO, DATA_HORA) VALUES (950002, 50002, 6, 10, 'Mapa SESEL disponível para validação', CURRENT_TIMESTAMP - INTERVAL '2' DAY);
INSERT INTO SGC.ALERTA_USUARIO (ALERTA_CODIGO, USUARIO_TITULO, DATA_HORA_LEITURA) VALUES (950001, '1', NULL);
INSERT INTO SGC.ALERTA_USUARIO (ALERTA_CODIGO, USUARIO_TITULO, DATA_HORA_LEITURA) VALUES (950002, '1', CURRENT_TIMESTAMP - INTERVAL '12' HOUR);

-- -------------------------------------------------------------------------------------------------
-- Outbox de notificações do mapa SESEL
-- -------------------------------------------------------------------------------------------------
INSERT INTO SGC.NOTIFICACAO_EMAIL (CODIGO, SUBPROCESSO_CODIGO, TIPO_NOTIFICACAO, UNIDADE_DESTINO_SIGLA, USUARIO_DESTINO_TITULO, DESTINATARIO, ASSUNTO, CORPO_HTML, SITUACAO, TENTATIVAS, PROXIMA_TENTATIVA_EM, DATA_HORA_CRIACAO, DATA_HORA_ENVIO, ULTIMO_ERRO, CHAVE_IDEMPOTENCIA) VALUES (960001, 60003, 'MAPA_DISPONIBILIZADO', 'SESEL', '1', 'ana.souza@tre-pe.jus.br', 'SGC: Mapa de competências disponibilizado - SESEL', '<p>Mapa disponibilizado para validação da unidade SESEL.</p>', 'ENVIADO', 1, NULL, CURRENT_TIMESTAMP - INTERVAL '2' DAY, CURRENT_TIMESTAMP - INTERVAL '1' DAY, NULL, 'mapa-sesel-60003-disponibilizado');
INSERT INTO SGC.NOTIFICACAO_EMAIL (CODIGO, SUBPROCESSO_CODIGO, TIPO_NOTIFICACAO, UNIDADE_DESTINO_SIGLA, USUARIO_DESTINO_TITULO, DESTINATARIO, ASSUNTO, CORPO_HTML, SITUACAO, TENTATIVAS, PROXIMA_TENTATIVA_EM, DATA_HORA_CRIACAO, DATA_HORA_ENVIO, ULTIMO_ERRO, CHAVE_IDEMPOTENCIA) VALUES (960002, 60003, 'MAPA_HOMOLOGADO', 'SESEL', '1', 'ana.souza@tre-pe.jus.br', 'SGC: Mapa de competências homologado - SESEL', '<p>Mapa homologado com sucesso.</p>', 'FALHA_DEFINITIVA', 5, NULL, CURRENT_TIMESTAMP - INTERVAL '1' DAY, NULL, 'Falha simulada no H2: caixa postal indisponível', 'mapa-sesel-60003-homologado');
